起点站ID,终点站ID,线路,运行方向,通行时间
0128,0127,1号线,往莘庄,2
0127,0126,1号线,往莘庄,2
0126,0125,1号线,往莘庄,3
0125,0124,1号线,往莘庄,3
0124,0123,1号线,往莘庄,2
0123,0122,1号线,往莘庄,3
0122,0121,1号线,往莘庄,2
0121,0120,1号线,往莘庄,3
0120,0119,1号线,往莘庄,3
0119,0118,1号线,往莘庄,2
0118,0117,1号线,往莘庄,2
0116,0115,1号线,往莘庄,1
0115,0114,1号线,往莘庄,2
0114,0113,1号线,往莘庄,2
0113,0112,1号线,往莘庄,3
0112,0111,1号线,往莘庄,2
0111,0110,1号线,往莘庄,2
0110,0109,1号线,往莘庄,2
0109,0108,1号线,往莘庄,2
0108,0107,1号线,往莘庄,3
0107,0106,1号线,往莘庄,2
0106,0105,1号线,往莘庄,3
0105,0104,1号线,往莘庄,3
0104,0103,1号线,往莘庄,3
0103,0102,1号线,往莘庄,2
0102,0101,1号线,往莘庄,2
0101,0102,1号线,往富锦路,2
0102,0103,1号线,往富锦路,2
0103,0104,1号线,往富锦路,3
0105,0106,1号线,往富锦路,2
0106,0107,1号线,往富锦路,3
0107,0108,1号线,往富锦路,2
0108,0109,1号线,往富锦路,2
0109,0110,1号线,往富锦路,2
0110,0111,1号线,往富锦路,2
0111,0112,1号线,往富锦路,3
0112,0113,1号线,往富锦路,3
0113,0114,1号线,往富锦路,1
0114,0115,1号线,往富锦路,2
0115,0116,1号线,往富锦路,3
0116,0117,1号线,往富锦路,2
0117,0118,1号线,往富锦路,3
0118,0119,1号线,往富锦路,2
0119,0120,1号线,往富锦路,2
0120,0121,1号线,往富锦路,3
0121,0122,1号线,往富锦路,3
0122,0123,1号线,往富锦路,2
0123,0124,1号线,往富锦路,3
0124,0125,1号线,往富锦路,2
0125,0126,1号线,往富锦路,3
0126,0127,1号线,往富锦路,2
0127,0128,1号线,往富锦路,2
0231,0230,2号线,往蟠祥路·国家会计学院,3
0230,0229,2号线,往蟠祥路·国家会计学院,7
0229,0228,2号线,往蟠祥路·国家会计学院,5
0228,0227,2号线,往蟠祥路·国家会计学院,3
0227,0226,2号线,往蟠祥路·国家会计学院,5
0226,0225,2号线,往蟠祥路·国家会计学院,3
0225,0224,2号线,往蟠祥路·国家会计学院,3
0223,0222,2号线,往蟠祥路·国家会计学院,3
0222,0221,2号线,往蟠祥路·国家会计学院,2
0220,0219,2号线,往蟠祥路·国家会计学院,1
0219,0218,2号线,往蟠祥路·国家会计学院,3
0218,0217,2号线,往蟠祥路·国家会计学院,3
0217,0216,2号线,往蟠祥路·国家会计学院,2
0216,0215,2号线,往蟠祥路·国家会计学院,2
0215,0214,2号线,往蟠祥路·国家会计学院,3
0214,0213,2号线,往蟠祥路·国家会计学院,3
0213,0212,2号线,往蟠祥路·国家会计学院,2
0212,0211,2号线,往蟠祥路·国家会计学院,2
0211,0210,2号线,往蟠祥路·国家会计学院,3
0210,0209,2号线,往蟠祥路·国家会计学院,3
0209,0208,2号线,往蟠祥路·国家会计学院,3
0208,0207,2号线,往蟠祥路·国家会计学院,3
0207,0206,2号线,往蟠祥路·国家会计学院,2
0206,0205,2号线,往蟠祥路·国家会计学院,3
0205,0204,2号线,往蟠祥路·国家会计学院,7
0204,0203,2号线,往蟠祥路·国家会计学院,2
0203,0202,2号线,往蟠祥路·国家会计学院,3
0202,0201,2号线,往蟠祥路·国家会计学院,2
0201,0202,2号线,往广兰路,3
0202,0203,2号线,往广兰路,3
0203,0204,2号线,往广兰路,2
0204,0205,2号线,往广兰路,7
0205,0206,2号线,往广兰路,2
0206,0207,2号线,往广兰路,2
0207,0208,2号线,往广兰路,3
0208,0209,2号线,往广兰路,3
0209,0210,2号线,往广兰路,2
0210,0211,2号线,往广兰路,3
0211,0212,2号线,往广兰路,3
0212,0213,2号线,往广兰路,3
0213,0214,2号线,往广兰路,2
0214,0215,2号线,往广兰路,3
0215,0216,2号线,往广兰路,2
0216,0217,2号线,往广兰路,3
0217,0218,2号线,往广兰路,3
0218,0219,2号线,往广兰路,2
0219,0220,2号线,往广兰路,2
0220,0221,2号线,往广兰路,4
0221,0222,2号线,往广兰路,3
0223,0224,2号线,往广兰路,4
0224,0225,2号线,往广兰路,4
0225,0226,2号线,往广兰路,3
0226,0227,2号线,往广兰路,4
0227,0228,2号线,往广兰路,4
0228,0229,2号线,往广兰路,5
0229,0230,2号线,往广兰路,7
0230,0231,2号线,往广兰路,3
0329,0328,3号线,往上海南站,3
0328,0327,3号线,往上海南站,3
0327,0326,3号线,往上海南站,2
0326,0325,3号线,往上海南站,3
0325,0324,3号线,往上海南站,2
0324,0323,3号线,往上海南站,2
0323,0322,3号线,往上海南站,3
0322,0321,3号线,往上海南站,3
0321,0320,3号线,往上海南站,3
0320,0319,3号线,往上海南站,3
0319,0318,3号线,往上海南站,3
0318,0317,3号线,往上海南站,2
0317,0316,3号线,往上海南站,2
0316,0315,3号线,往上海南站,3
0315,0314,3号线,往上海南站,2
0314,0313,3号线,往上海南站,3
0313,0312,3号线,往上海南站,3
0312,0311,3号线,往上海南站,3
0311,0310,3号线,往上海南站,3
0310,0309,3号线,往上海南站,2
0309,0308,3号线,往上海南站,2
0308,0307,3号线,往上海南站,3
0307,0306,3号线,往上海南站,2
0306,0305,3号线,往上海南站,3
0305,0304,3号线,往上海南站,2
0304,0303,3号线,往上海南站,3
0303,0302,3号线,往上海南站,2
0302,0301,3号线,往上海南站,2
0301,0302,3号线,往江杨北路,2
0302,0303,3号线,往江杨北路,3
0303,0304,3号线,往江杨北路,2
0304,0305,3号线,往江杨北路,3
0305,0306,3号线,往江杨北路,2
0306,0307,3号线,往江杨北路,3
0307,0308,3号线,往江杨北路,2
0308,0309,3号线,往江杨北路,3
0309,0310,3号线,往江杨北路,2
0310,0311,3号线,往江杨北路,3
0311,0312,3号线,往江杨北路,2
0312,0313,3号线,往江杨北路,3
0313,0314,3号线,往江杨北路,4
0314,0315,3号线,往江杨北路,2
0315,0316,3号线,往江杨北路,2
0316,0317,3号线,往江杨北路,3
0317,0318,3号线,往江杨北路,2
0318,0319,3号线,往江杨北路,3
0319,0320,3号线,往江杨北路,2
0320,0321,3号线,往江杨北路,3
0321,0322,3号线,往江杨北路,3
0322,0323,3号线,往江杨北路,2
0323,0324,3号线,往江杨北路,3
0324,0325,3号线,往江杨北路,2
0325,0326,3号线,往江杨北路,3
0326,0327,3号线,往江杨北路,2
0327,0328,3号线,往江杨北路,3
0328,0329,3号线,往江杨北路,3
0401,0426,4号线,全程（外）,2
0426,0425,4号线,全程（外）,2
0425,0424,4号线,全程（外）,2
0424,0423,4号线,全程（外）,2
0423,0422,4号线,全程（外）,3
0422,0421,4号线,全程（外）,2
0421,0420,4号线,全程（外）,4
0420,0419,4号线,全程（外）,2
0419,0418,4号线,全程（外）,2
0418,0417,4号线,全程（外）,2
0417,0416,4号线,全程（外）,3
0416,0415,4号线,全程（外）,2
0415,0414,4号线,全程（外）,2
0414,0413,4号线,全程（外）,3
0413,0412,4号线,全程（外）,2
0412,0411,4号线,全程（外）,3
0411,0410,4号线,全程（外）,3
0410,0409,4号线,全程（外）,3
0409,0408,4号线,全程（外）,3
0408,0407,4号线,全程（外）,3
0407,0406,4号线,全程（外）,2
0406,0405,4号线,全程（外）,2
0405,0404,4号线,全程（外）,3
0404,0403,4号线,全程（外）,2
0403,0402,4号线,全程（外）,3
0402,0403,4号线,全程（内）,3
0403,0404,4号线,全程（内）,2
0404,0405,4号线,全程（内）,2
0405,0406,4号线,全程（内）,3
0406,0407,4号线,全程（内）,2
0407,0408,4号线,全程（内）,3
0408,0409,4号线,全程（内）,2
0409,0410,4号线,全程（内）,3
0410,0411,4号线,全程（内）,4
0411,0412,4号线,全程（内）,3
0412,0413,4号线,全程（内）,2
0413,0414,4号线,全程（内）,2
0414,0415,4号线,全程（内）,2
0415,0416,4号线,全程（内）,2
0416,0417,4号线,全程（内）,3
0417,0418,4号线,全程（内）,2
0418,0419,4号线,全程（内）,2
0419,0420,4号线,全程（内）,3
0420,0421,4号线,全程（内）,3
0421,0422,4号线,全程（内）,2
0422,0423,4号线,全程（内）,2
0423,0424,4号线,全程（内）,3
0424,0425,4号线,全程（内）,2
0425,0426,4号线,全程（内）,2
0426,0401,4号线,全程（内）,2
0519,0518,5号线,往莘庄,2
0518,0517,5号线,往莘庄,2
0517,0516,5号线,往莘庄,3
0516,0515,5号线,往莘庄,3
0515,0514,5号线,往莘庄,4
0514,0513,5号线,往莘庄,3
0513,0512,5号线,往莘庄,6
0511,0510,5号线,往莘庄,2
0510,0509,5号线,往莘庄,2
0509,0508,5号线,往莘庄,3
0507,0506,5号线,往莘庄,3
0506,0505,5号线,往莘庄,3
0505,0504,5号线,往莘庄,3
0504,0503,5号线,往莘庄,4
0503,0502,5号线,往莘庄,2
0502,0501,5号线,往莘庄,2
0501,0502,5号线,往奉贤新城,2
0502,0503,5号线,往奉贤新城,2
0503,0504,5号线,往奉贤新城,4
0504,0505,5号线,往奉贤新城,4
0505,0506,5号线,往奉贤新城,3
0506,0507,5号线,往奉贤新城,2
0507,0508,5号线,往奉贤新城,12
0508,0509,5号线,往奉贤新城,2
0509,0510,5号线,往奉贤新城,3
0510,0511,5号线,往奉贤新城,2
0512,0513,5号线,往奉贤新城,6
0513,0514,5号线,往奉贤新城,3
0514,0515,5号线,往奉贤新城,3
0515,0516,5号线,往奉贤新城,4
0516,0517,5号线,往奉贤新城,2
0517,0518,5号线,往奉贤新城,3
0518,0519,5号线,往奉贤新城,2
0601,0602,6号线,往港城路,2
0602,0603,6号线,往港城路,2
0603,0604,6号线,往港城路,2
0604,0605,6号线,往港城路,3
0605,0606,6号线,往港城路,2
0606,0607,6号线,往港城路,3
0607,0608,6号线,往港城路,2
0608,0609,6号线,往港城路,3
0609,0610,6号线,往港城路,3
0610,0611,6号线,往港城路,2
0611,0612,6号线,往港城路,3
0612,0613,6号线,往港城路,2
0613,0614,6号线,往港城路,2
0614,0615,6号线,往港城路,2
0615,0616,6号线,往港城路,3
0616,0617,6号线,往港城路,2
0617,0618,6号线,往港城路,3
0618,0619,6号线,往港城路,2
0619,0620,6号线,往港城路,2
0620,0621,6号线,往港城路,2
0621,0622,6号线,往港城路,3
0622,0623,6号线,往港城路,2
0623,0624,6号线,往港城路,2
0624,0625,6号线,往港城路,3
0625,0626,6号线,往港城路,3
0626,0627,6号线,往港城路,2
0627,0628,6号线,往港城路,3
0628,0627,6号线,往东方体育中心,2
0627,0626,6号线,往东方体育中心,3
0626,0625,6号线,往东方体育中心,3
0625,0624,6号线,往东方体育中心,3
0624,0623,6号线,往东方体育中心,2
0623,0622,6号线,往东方体育中心,2
0622,0621,6号线,往东方体育中心,2
0621,0620,6号线,往东方体育中心,2
0620,0619,6号线,往东方体育中心,3
0619,0618,6号线,往东方体育中心,2
0618,0617,6号线,往东方体育中心,2
0617,0616,6号线,往东方体育中心,3
0616,0615,6号线,往东方体育中心,2
0615,0614,6号线,往东方体育中心,2
0614,0613,6号线,往东方体育中心,3
0613,0612,6号线,往东方体育中心,2
0612,0611,6号线,往东方体育中心,3
0611,0610,6号线,往东方体育中心,2
0610,0609,6号线,往东方体育中心,3
0609,0608,6号线,往东方体育中心,2
0608,0607,6号线,往东方体育中心,3
0607,0606,6号线,往东方体育中心,2
0606,0605,6号线,往东方体育中心,3
0605,0604,6号线,往东方体育中心,2
0604,0603,6号线,往东方体育中心,2
0603,0602,6号线,往东方体育中心,2
0602,0601,6号线,往东方体育中心,2
0733,0732,7号线,往美兰湖,3
0732,0731,7号线,往美兰湖,2
0731,0730,7号线,往美兰湖,3
0730,0729,7号线,往美兰湖,2
0729,0728,7号线,往美兰湖,3
0728,0727,7号线,往美兰湖,2
0727,0726,7号线,往美兰湖,2
0726,0725,7号线,往美兰湖,2
0725,0724,7号线,往美兰湖,2
0724,0723,7号线,往美兰湖,3
0723,0722,7号线,往美兰湖,2
0722,0721,7号线,往美兰湖,2
0721,0720,7号线,往美兰湖,3
0720,0719,7号线,往美兰湖,2
0719,0718,7号线,往美兰湖,3
0718,0717,7号线,往美兰湖,2
0717,0716,7号线,往美兰湖,2
0716,0715,7号线,往美兰湖,3
0715,0714,7号线,往美兰湖,2
0714,0713,7号线,往美兰湖,2
0713,0712,7号线,往美兰湖,2
0712,0711,7号线,往美兰湖,2
0711,0710,7号线,往美兰湖,3
0710,0709,7号线,往美兰湖,2
0709,0708,7号线,往美兰湖,2
0708,0707,7号线,往美兰湖,3
0707,0706,7号线,往美兰湖,3
0706,0705,7号线,往美兰湖,3
0705,0704,7号线,往美兰湖,3
0704,0703,7号线,往美兰湖,2
0703,0702,7号线,往美兰湖,4
0702,0701,7号线,往美兰湖,2
0701,0702,7号线,往花木路,2
0702,0703,7号线,往花木路,4
0703,0704,7号线,往花木路,3
0704,0705,7号线,往花木路,3
0706,0707,7号线,往花木路,2
0707,0708,7号线,往花木路,2
0708,0709,7号线,往花木路,2
0709,0710,7号线,往花木路,3
0710,0711,7号线,往花木路,2
0711,0712,7号线,往花木路,2
0712,0713,7号线,往花木路,2
0713,0714,7号线,往花木路,2
0714,0715,7号线,往花木路,2
0715,0716,7号线,往花木路,3
0716,0717,7号线,往花木路,3
0717,0718,7号线,往花木路,2
0718,0719,7号线,往花木路,2
0719,0720,7号线,往花木路,2
0720,0721,7号线,往花木路,3
0721,0722,7号线,往花木路,2
0722,0723,7号线,往花木路,2
0723,0724,7号线,往花木路,4
0724,0725,7号线,往花木路,2
0725,0726,7号线,往花木路,2
0726,0727,7号线,往花木路,2
0727,0728,7号线,往花木路,2
0728,0729,7号线,往花木路,3
0729,0730,7号线,往花木路,2
0730,0731,7号线,往花木路,2
0731,0732,7号线,往花木路,4
0732,0733,7号线,往花木路,2
0801,0802,8号线,往市光路,2
0802,0803,8号线,往市光路,2
0803,0804,8号线,往市光路,2
0804,0805,8号线,往市光路,4
0805,0806,8号线,往市光路,3
0806,0807,8号线,往市光路,4
0807,0808,8号线,往市光路,2
0808,0809,8号线,往市光路,2
0809,0810,8号线,往市光路,2
0810,0811,8号线,往市光路,2
0811,0812,8号线,往市光路,3
0812,0813,8号线,往市光路,2
0813,0814,8号线,往市光路,2
0814,0815,8号线,往市光路,2
0815,0816,8号线,往市光路,2
0816,0817,8号线,往市光路,2
0817,0818,8号线,往市光路,2
0818,0819,8号线,往市光路,3
0819,0820,8号线,往市光路,2
0820,0821,8号线,往市光路,3
0821,0822,8号线,往市光路,2
0822,0823,8号线,往市光路,2
0823,0824,8号线,往市光路,2
0824,0825,8号线,往市光路,2
0825,0826,8号线,往市光路,2
0826,0827,8号线,往市光路,2
0827,0828,8号线,往市光路,2
0828,0829,8号线,往市光路,2
0829,0830,8号线,往市光路,2
0830,0829,8号线,往沈杜公路,1
0829,0828,8号线,往沈杜公路,2
0828,0827,8号线,往沈杜公路,2
0827,0826,8号线,往沈杜公路,2
0826,0825,8号线,往沈杜公路,3
0825,0824,8号线,往沈杜公路,2
0824,0823,8号线,往沈杜公路,2
0823,0822,8号线,往沈杜公路,2
0822,0821,8号线,往沈杜公路,2
0821,0820,8号线,往沈杜公路,2
0820,0819,8号线,往沈杜公路,3
0819,0818,8号线,往沈杜公路,2
0818,0817,8号线,往沈杜公路,2
0817,0816,8号线,往沈杜公路,3
0816,0815,8号线,往沈杜公路,1
0815,0814,8号线,往沈杜公路,2
0814,0813,8号线,往沈杜公路,2
0813,0812,8号线,往沈杜公路,3
0812,0811,8号线,往沈杜公路,2
0811,0810,8号线,往沈杜公路,2
0810,0809,8号线,往沈杜公路,2
0809,0808,8号线,往沈杜公路,2
0808,0807,8号线,往沈杜公路,3
0807,0806,8号线,往沈杜公路,3
0806,0805,8号线,往沈杜公路,3
0805,0804,8号线,往沈杜公路,4
0804,0803,8号线,往沈杜公路,2
0803,0802,8号线,往沈杜公路,2
0802,0801,8号线,往沈杜公路,2
0935,0934,9号线,往上海松江站,2
0934,0933,9号线,往上海松江站,2
0933,0932,9号线,往上海松江站,3
0932,0931,9号线,往上海松江站,2
0931,0930,9号线,往上海松江站,2
0930,0929,9号线,往上海松江站,3
0929,0928,9号线,往上海松江站,3
0928,0927,9号线,往上海松江站,3
0926,0925,9号线,往上海松江站,4
0925,0924,9号线,往上海松江站,2
0924,0923,9号线,往上海松江站,4
0923,0922,9号线,往上海松江站,3
0922,0921,9号线,往上海松江站,2
0921,0920,9号线,往上海松江站,2
0920,0919,9号线,往上海松江站,2
0919,0918,9号线,往上海松江站,2
0918,0917,9号线,往上海松江站,3
0917,0916,9号线,往上海松江站,3
0916,0915,9号线,往上海松江站,3
0915,0914,9号线,往上海松江站,3
0914,0913,9号线,往上海松江站,2
0913,0912,9号线,往上海松江站,3
0912,0911,9号线,往上海松江站,3
0911,0910,9号线,往上海松江站,3
0910,0909,9号线,往上海松江站,4
0909,0908,9号线,往上海松江站,6
0908,0907,9号线,往上海松江站,5
0907,0906,9号线,往上海松江站,3
0906,0905,9号线,往上海松江站,4
0905,0904,9号线,往上海松江站,4
0904,0903,9号线,往上海松江站,3
0903,0902,9号线,往上海松江站,3
0902,0901,9号线,往上海松江站,3
0901,0902,9号线,往曹路,4
0902,0903,9号线,往曹路,3
0903,0904,9号线,往曹路,3
0904,0905,9号线,往曹路,3
0905,0906,9号线,往曹路,5
0906,0907,9号线,往曹路,3
0907,0908,9号线,往曹路,4
0908,0909,9号线,往曹路,7
0910,0911,9号线,往曹路,2
0911,0912,9号线,往曹路,3
0912,0913,9号线,往曹路,3
0913,0914,9号线,往曹路,3
0914,0915,9号线,往曹路,3
0915,0916,9号线,往曹路,3
0916,0917,9号线,往曹路,4
0917,0918,9号线,往曹路,2
0918,0919,9号线,往曹路,2
0919,0920,9号线,往曹路,2
0920,0921,9号线,往曹路,3
0921,0922,9号线,往曹路,2
0922,0923,9号线,往曹路,3
0923,0924,9号线,往曹路,3
0924,0925,9号线,往曹路,3
0925,0926,9号线,往曹路,3
0926,0927,9号线,往曹路,2
0927,0928,9号线,往曹路,3
0928,0929,9号线,往曹路,4
0929,0930,9号线,往曹路,2
0930,0931,9号线,往曹路,3
0931,0932,9号线,往曹路,2
0932,0933,9号线,往曹路,2
0933,0934,9号线,往曹路,3
0934,0935,9号线,往曹路,2
1037,1036,10号线,基隆路始发 往航中路,2
1036,1035,10号线,基隆路始发 往航中路,2
1035,1034,10号线,基隆路始发 往航中路,3
1034,1033,10号线,基隆路始发 往航中路,2
1033,1032,10号线,基隆路始发 往航中路,4
1031,1030,10号线,基隆路始发 往航中路,1
1030,1029,10号线,基隆路始发 往航中路,2
1029,1028,10号线,基隆路始发 往航中路,2
1028,1027,10号线,基隆路始发 往航中路,2
1027,1026,10号线,基隆路始发 往航中路,2
1026,1025,10号线,基隆路始发 往航中路,2
1025,1024,10号线,基隆路始发 往航中路,2
1024,1023,10号线,基隆路始发 往航中路,2
1023,1022,10号线,基隆路始发 往航中路,2
1022,1021,10号线,基隆路始发 往航中路,2
1021,1020,10号线,基隆路始发 往航中路,2
1020,1019,10号线,基隆路始发 往航中路,3
1019,1018,10号线,基隆路始发 往航中路,2
1018,1017,10号线,基隆路始发 往航中路,2
1017,1016,10号线,基隆路始发 往航中路,2
1016,1015,10号线,基隆路始发 往航中路,3
1015,1014,10号线,基隆路始发 往航中路,2
1014,1013,10号线,基隆路始发 往航中路,2
1013,1012,10号线,基隆路始发 往航中路,3
1012,1011,10号线,基隆路始发 往航中路,2
1011,1010,10号线,基隆路始发 往航中路,1
1010,1009,10号线,基隆路始发 往航中路,3
1009,1008,10号线,基隆路始发 往航中路,2
1007,1006,10号线,基隆路始发 往航中路,3
1006,1005,10号线,基隆路始发 往航中路,3
1005,1004,10号线,基隆路始发 往航中路,1
1003,1002,10号线,基隆路始发 往航中路,2
1002,1001,10号线,基隆路始发 往航中路,3
1001,1002,10号线,航中路始发 往基隆路,2
1002,1003,10号线,航中路始发 往基隆路,2
1004,1005,10号线,航中路始发 往基隆路,1
1005,1006,10号线,航中路始发 往基隆路,3
1006,1007,10号线,航中路始发 往基隆路,3
1007,1008,10号线,航中路始发 往基隆路,2
1008,1009,10号线,航中路始发 往基隆路,2
1009,1010,10号线,航中路始发 往基隆路,2
1010,1011,10号线,航中路始发 往基隆路,2
1011,1012,10号线,航中路始发 往基隆路,2
1012,1013,10号线,航中路始发 往基隆路,3
1013,1014,10号线,航中路始发 往基隆路,2
1014,1015,10号线,航中路始发 往基隆路,2
1015,1016,10号线,航中路始发 往基隆路,3
1016,1017,10号线,航中路始发 往基隆路,2
1017,1018,10号线,航中路始发 往基隆路,3
1018,1019,10号线,航中路始发 往基隆路,2
1019,1020,10号线,航中路始发 往基隆路,2
1020,1021,10号线,航中路始发 往基隆路,2
1021,1022,10号线,航中路始发 往基隆路,2
1022,1023,10号线,航中路始发 往基隆路,2
1023,1024,10号线,航中路始发 往基隆路,2
1024,1025,10号线,航中路始发 往基隆路,2
1025,1026,10号线,航中路始发 往基隆路,2
1026,1027,10号线,航中路始发 往基隆路,2
1027,1028,10号线,航中路始发 往基隆路,1
1028,1029,10号线,航中路始发 往基隆路,2
1029,1030,10号线,航中路始发 往基隆路,2
1030,1031,10号线,航中路始发 往基隆路,2
1031,1032,10号线,航中路始发 往基隆路,3
1032,1033,10号线,航中路始发 往基隆路,4
1033,1034,10号线,航中路始发 往基隆路,2
1034,1035,10号线,航中路始发 往基隆路,2
1035,1036,10号线,航中路始发 往基隆路,2
1036,1037,10号线,航中路始发 往基隆路,2
1140,1139,11号线,往花桥,4
1139,1138,11号线,往花桥,3
1137,1136,11号线,往花桥,3
1136,1135,11号线,往花桥,2
1135,1134,11号线,往花桥,2
1134,1133,11号线,往花桥,3
1133,1132,11号线,往花桥,2
1132,1131,11号线,往花桥,5
1131,1130,11号线,往花桥,3
1130,1129,11号线,往花桥,2
1129,1128,11号线,往花桥,2
1128,1127,11号线,往花桥,3
1127,1126,11号线,往花桥,3
1126,1125,11号线,往花桥,2
1125,1124,11号线,往花桥,4
1124,1123,11号线,往花桥,3
1123,1122,11号线,往花桥,2
1122,1121,11号线,往花桥,2
1121,1120,11号线,往花桥,2
1120,1119,11号线,往花桥,2
1119,1118,11号线,往花桥,3
1118,1117,11号线,往花桥,2
1117,1116,11号线,往花桥,2
1116,1115,11号线,往花桥,3
1115,1114,11号线,往花桥,4
1114,1113,11号线,往花桥,3
1113,1112,11号线,往花桥,4
1112,1111,11号线,往花桥,3
1110,1109,11号线,往花桥,4
1109,1108,11号线,往花桥,2
1107,1106,11号线,往花桥,5
1106,1105,11号线,往花桥,3
1105,1104,11号线,往花桥,3
1104,1103,11号线,往花桥,3
1103,1102,11号线,往花桥,4
1102,1101,11号线,往花桥,2
1101,1102,11号线,花桥往迪士尼,2
1102,1103,11号线,花桥往迪士尼,4
1104,1105,11号线,花桥往迪士尼,2
1105,1106,11号线,花桥往迪士尼,3
1106,1107,11号线,花桥往迪士尼,5
1108,1109,11号线,花桥往迪士尼,2
1109,1110,11号线,花桥往迪士尼,4
1110,1111,11号线,花桥往迪士尼,3
1111,1112,11号线,花桥往迪士尼,3
1112,1113,11号线,花桥往迪士尼,5
1114,1115,11号线,花桥往迪士尼,3
1115,1116,11号线,花桥往迪士尼,3
1116,1117,11号线,花桥往迪士尼,2
1117,1118,11号线,花桥往迪士尼,3
1118,1119,11号线,花桥往迪士尼,2
1119,1120,11号线,花桥往迪士尼,3
1120,1121,11号线,花桥往迪士尼,2
1121,1122,11号线,花桥往迪士尼,2
1122,1123,11号线,花桥往迪士尼,2
1123,1124,11号线,花桥往迪士尼,3
1124,1125,11号线,花桥往迪士尼,3
1125,1126,11号线,花桥往迪士尼,2
1126,1127,11号线,花桥往迪士尼,4
1127,1128,11号线,花桥往迪士尼,2
1128,1129,11号线,花桥往迪士尼,2
1129,1130,11号线,花桥往迪士尼,2
1130,1131,11号线,花桥往迪士尼,3
1131,1132,11号线,花桥往迪士尼,5
1132,1133,11号线,花桥往迪士尼,2
1133,1134,11号线,花桥往迪士尼,2
1134,1135,11号线,花桥往迪士尼,2
1135,1136,11号线,花桥往迪士尼,3
1136,1137,11号线,花桥往迪士尼,3
1137,1138,11号线,花桥往迪士尼,3
1138,1139,11号线,花桥往迪士尼,3
1139,1140,11号线,花桥往迪士尼,4
1232,1231,12号线,往七莘路,4
1231,1230,12号线,往七莘路,2
1230,1229,12号线,往七莘路,2
1229,1228,12号线,往七莘路,3
1228,1227,12号线,往七莘路,2
1227,1226,12号线,往七莘路,3
1226,1225,12号线,往七莘路,2
1225,1224,12号线,往七莘路,2
1224,1223,12号线,往七莘路,3
1223,1222,12号线,往七莘路,2
1222,1221,12号线,往七莘路,2
1221,1220,12号线,往七莘路,2
1220,1219,12号线,往七莘路,2
1219,1218,12号线,往七莘路,4
1218,1217,12号线,往七莘路,2
1217,1216,12号线,往七莘路,3
1216,1215,12号线,往七莘路,3
1215,1214,12号线,往七莘路,3
1214,1213,12号线,往七莘路,2
1213,1212,12号线,往七莘路,3
1212,1211,12号线,往七莘路,2
1211,1210,12号线,往七莘路,3
1210,1209,12号线,往七莘路,3
1209,1208,12号线,往七莘路,2
1208,1207,12号线,往七莘路,2
1207,1206,12号线,往七莘路,2
1206,1205,12号线,往七莘路,3
1205,1204,12号线,往七莘路,2
1204,1203,12号线,往七莘路,3
1203,1202,12号线,往七莘路,2
1202,1201,12号线,往七莘路,2
1201,1202,12号线,往金海路,2
1202,1203,12号线,往金海路,3
1203,1204,12号线,往金海路,2
1204,1205,12号线,往金海路,3
1205,1206,12号线,往金海路,2
1206,1207,12号线,往金海路,2
1207,1208,12号线,往金海路,2
1208,1209,12号线,往金海路,3
1209,1210,12号线,往金海路,2
1210,1211,12号线,往金海路,3
1211,1212,12号线,往金海路,3
1212,1213,12号线,往金海路,2
1213,1214,12号线,往金海路,3
1214,1215,12号线,往金海路,2
1215,1216,12号线,往金海路,3
1217,1218,12号线,往金海路,3
1218,1219,12号线,往金海路,3
1219,1220,12号线,往金海路,2
1220,1221,12号线,往金海路,2
1221,1222,12号线,往金海路,2
1222,1223,12号线,往金海路,2
1223,1224,12号线,往金海路,3
1224,1225,12号线,往金海路,2
1225,1226,12号线,往金海路,2
1226,1227,12号线,往金海路,3
1227,1228,12号线,往金海路,3
1228,1229,12号线,往金海路,2
1229,1230,12号线,往金海路,2
1230,1231,12号线,往金海路,3
1231,1232,12号线,往金海路,3
1331,1330,13号线,往金运路,2
1330,1329,13号线,往金运路,3
1329,1328,13号线,往金运路,3
1328,1327,13号线,往金运路,3
1327,1326,13号线,往金运路,2
1326,1325,13号线,往金运路,2
1325,1324,13号线,往金运路,2
1324,1323,13号线,往金运路,3
1323,1322,13号线,往金运路,3
1322,1321,13号线,往金运路,2
1321,1320,13号线,往金运路,2
1320,1319,13号线,往金运路,3
1319,1318,13号线,往金运路,3
1318,1317,13号线,往金运路,2
1317,1316,13号线,往金运路,2
1316,1315,13号线,往金运路,3
1315,1314,13号线,往金运路,2
1314,1313,13号线,往金运路,2
1313,1312,13号线,往金运路,2
1312,1311,13号线,往金运路,3
1310,1309,13号线,往金运路,2
1309,1308,13号线,往金运路,3
1308,1307,13号线,往金运路,3
1307,1306,13号线,往金运路,3
1306,1305,13号线,往金运路,3
1305,1304,13号线,往金运路,2
1304,1303,13号线,往金运路,3
1303,1302,13号线,往金运路,3
1302,1301,13号线,往金运路,2
1301,1302,13号线,往华鹏路,2
1302,1303,13号线,往华鹏路,4
1303,1304,13号线,往华鹏路,3
1304,1305,13号线,往华鹏路,2
1305,1306,13号线,往华鹏路,3
1306,1307,13号线,往华鹏路,4
1307,1308,13号线,往华鹏路,2
1308,1309,13号线,往华鹏路,3
1309,1310,13号线,往华鹏路,2
1310,1311,13号线,往华鹏路,2
1311,1312,13号线,往华鹏路,3
1312,1313,13号线,往华鹏路,1
1313,1314,13号线,往华鹏路,3
1314,1315,13号线,往华鹏路,2
1315,1316,13号线,往华鹏路,3
1316,1317,13号线,往华鹏路,2
1317,1318,13号线,往华鹏路,2
1318,1319,13号线,往华鹏路,3
1319,1320,13号线,往华鹏路,3
1320,1321,13号线,往华鹏路,2
1321,1322,13号线,往华鹏路,2
1322,1323,13号线,往华鹏路,3
1323,1324,13号线,往华鹏路,2
1324,1325,13号线,往华鹏路,3
1325,1326,13号线,往华鹏路,2
1326,1327,13号线,往华鹏路,2
1327,1328,13号线,往华鹏路,3
1328,1329,13号线,往华鹏路,3
1329,1330,13号线,往华鹏路,2
1330,1331,13号线,往华鹏路,2
1430,1429,14号线,往封浜,2
1429,1428,14号线,往封浜,2
1428,1427,14号线,往封浜,2
1427,1426,14号线,往封浜,2
1426,1425,14号线,往封浜,3
1425,1424,14号线,往封浜,2
1424,1423,14号线,往封浜,4
1423,1422,14号线,往封浜,3
1422,1421,14号线,往封浜,2
1421,1420,14号线,往封浜,2
1420,1419,14号线,往封浜,2
1419,1418,14号线,往封浜,2
1418,1417,14号线,往封浜,3
1417,1416,14号线,往封浜,2
1416,1415,14号线,往封浜,2
1415,1414,14号线,往封浜,4
1414,1413,14号线,往封浜,2
1413,1412,14号线,往封浜,2
1412,1411,14号线,往封浜,2
1411,1410,14号线,往封浜,2
1410,1409,14号线,往封浜,2
1409,1408,14号线,往封浜,2
1408,1407,14号线,往封浜,2
1407,1406,14号线,往封浜,2
1406,1405,14号线,往封浜,2
1405,1404,14号线,往封浜,3
1404,1403,14号线,往封浜,2
1403,1402,14号线,往封浜,2
1402,1401,14号线,往封浜,3
1401,1402,14号线,往桂桥路,2
1402,1403,14号线,往桂桥路,3
1403,1404,14号线,往桂桥路,2
1404,1405,14号线,往桂桥路,2
1405,1406,14号线,往桂桥路,2
1406,1407,14号线,往桂桥路,3
1407,1408,14号线,往桂桥路,2
1408,1409,14号线,往桂桥路,2
1409,1410,14号线,往桂桥路,2
1410,1411,14号线,往桂桥路,2
1411,1412,14号线,往桂桥路,3
1412,1413,14号线,往桂桥路,1
1413,1414,14号线,往桂桥路,3
1414,1415,14号线,往桂桥路,4
1415,1416,14号线,往桂桥路,2
1416,1417,14号线,往桂桥路,2
1417,1418,14号线,往桂桥路,3
1418,1419,14号线,往桂桥路,2
1419,1420,14号线,往桂桥路,2
1420,1421,14号线,往桂桥路,2
1421,1422,14号线,往桂桥路,2
1422,1423,14号线,往桂桥路,2
1423,1424,14号线,往桂桥路,4
1424,1425,14号线,往桂桥路,2
1425,1426,14号线,往桂桥路,3
1426,1427,14号线,往桂桥路,2
1427,1428,14号线,往桂桥路,2
1428,1429,14号线,往桂桥路,2
1429,1430,14号线,往桂桥路,2
1530,1529,15号线,往紫竹高新区,3
1529,1528,15号线,往紫竹高新区,2
1528,1527,15号线,往紫竹高新区,2
1527,1526,15号线,往紫竹高新区,2
1526,1525,15号线,往紫竹高新区,2
1525,1524,15号线,往紫竹高新区,2
1524,1523,15号线,往紫竹高新区,3
1523,1522,15号线,往紫竹高新区,2
1522,1521,15号线,往紫竹高新区,2
1521,1520,15号线,往紫竹高新区,2
1520,1519,15号线,往紫竹高新区,2
1519,1518,15号线,往紫竹高新区,2
1518,1517,15号线,往紫竹高新区,3
1517,1516,15号线,往紫竹高新区,2
1516,1515,15号线,往紫竹高新区,2
1515,1514,15号线,往紫竹高新区,3
1514,1513,15号线,往紫竹高新区,1
1513,1512,15号线,往紫竹高新区,3
1512,1511,15号线,往紫竹高新区,3
1511,1510,15号线,往紫竹高新区,2
1510,1509,15号线,往紫竹高新区,2
1509,1508,15号线,往紫竹高新区,2
1508,1507,15号线,往紫竹高新区,3
1507,1506,15号线,往紫竹高新区,2
1506,1505,15号线,往紫竹高新区,2
1505,1504,15号线,往紫竹高新区,2
1504,1503,15号线,往紫竹高新区,3
1503,1502,15号线,往紫竹高新区,4
1502,1501,15号线,往紫竹高新区,2
1501,1502,15号线,往顾村公园,2
1502,1503,15号线,往顾村公园,4
1503,1504,15号线,往顾村公园,3
1504,1505,15号线,往顾村公园,1
1505,1506,15号线,往顾村公园,3
1506,1507,15号线,往顾村公园,2
1507,1508,15号线,往顾村公园,2
1508,1509,15号线,往顾村公园,2
1509,1510,15号线,往顾村公园,2
1510,1511,15号线,往顾村公园,3
1511,1512,15号线,往顾村公园,3
1512,1513,15号线,往顾村公园,2
1513,1514,15号线,往顾村公园,2
1514,1515,15号线,往顾村公园,2
1515,1516,15号线,往顾村公园,2
1516,1517,15号线,往顾村公园,3
1517,1518,15号线,往顾村公园,2
1518,1519,15号线,往顾村公园,3
1519,1520,15号线,往顾村公园,2
1520,1521,15号线,往顾村公园,2
1521,1522,15号线,往顾村公园,2
1522,1523,15号线,往顾村公园,2
1523,1524,15号线,往顾村公园,2
1524,1525,15号线,往顾村公园,2
1525,1526,15号线,往顾村公园,3
1526,1527,15号线,往顾村公园,2
1527,1528,15号线,往顾村公园,1
1528,1529,15号线,往顾村公园,3
1529,1530,15号线,往顾村公园,3
1613,1612,16号线,往龙阳路,3
1612,1611,16号线,往龙阳路,6
1611,1610,16号线,往龙阳路,8
1609,1608,16号线,往龙阳路,5
1607,1606,16号线,往龙阳路,3
1606,1605,16号线,往龙阳路,3
1605,1604,16号线,往龙阳路,4
1604,1603,16号线,往龙阳路,5
1603,1602,16号线,往龙阳路,4
1602,1601,16号线,往龙阳路,4
1601,1602,16号线,往滴水湖,4
1602,1603,16号线,往滴水湖,4
1603,1604,16号线,往滴水湖,4
1604,1605,16号线,往滴水湖,4
1605,1606,16号线,往滴水湖,3
1606,1607,16号线,往滴水湖,4
1607,1608,16号线,往滴水湖,5
1608,1609,16号线,往滴水湖,6
1609,1610,16号线,往滴水湖,5
1610,1611,16号线,往滴水湖,9
1611,1612,16号线,往滴水湖,6
1612,1613,16号线,往滴水湖,3
1701,1702,17号线,往西岑,3
1702,1703,17号线,往西岑,2
1703,1704,17号线,往西岑,3
1704,1705,17号线,往西岑,3
1705,1706,17号线,往西岑,3
1706,1707,17号线,往西岑,3
1707,1708,17号线,往西岑,4
1708,1709,17号线,往西岑,3
1709,1710,17号线,往西岑,3
1710,1711,17号线,往西岑,4
1711,1712,17号线,往西岑,6
1712,1713,17号线,往西岑,3
1713,1714,17号线,往西岑,5
1714,1713,17号线,往虹桥火车站,5
1713,1712,17号线,往虹桥火车站,3
1712,1711,17号线,往虹桥火车站,6
1711,1710,17号线,往虹桥火车站,4
1710,1709,17号线,往虹桥火车站,3
1709,1708,17号线,往虹桥火车站,3
1708,1707,17号线,往虹桥火车站,5
1707,1706,17号线,往虹桥火车站,3
1706,1705,17号线,往虹桥火车站,3
1705,1704,17号线,往虹桥火车站,3
1704,1703,17号线,往虹桥火车站,3
1703,1702,17号线,往虹桥火车站,2
1702,1701,17号线,往虹桥火车站,3
1831,1830,18号线,往航头方向,3
1830,1829,18号线,往航头方向,2
1829,1828,18号线,往航头方向,4
1828,1827,18号线,往航头方向,2
1826,1825,18号线,往航头方向,2
1825,1824,18号线,往航头方向,2
1824,1823,18号线,往航头方向,3
1823,1822,18号线,往航头方向,2
1822,1821,18号线,往航头方向,2
1821,1820,18号线,往航头方向,2
1820,1819,18号线,往航头方向,2
1819,1818,18号线,往航头方向,2
1818,1817,18号线,往航头方向,2
1817,1816,18号线,往航头方向,2
1816,1815,18号线,往航头方向,2
1815,1814,18号线,往航头方向,2
1814,1813,18号线,往航头方向,2
1812,1811,18号线,往航头方向,2
1811,1810,18号线,往航头方向,2
1810,1809,18号线,往航头方向,2
1809,1808,18号线,往航头方向,2
1808,1807,18号线,往航头方向,4
1807,1806,18号线,往航头方向,3
1806,1805,18号线,往航头方向,2
1805,1804,18号线,往航头方向,3
1804,1803,18号线,往航头方向,3
1803,1802,18号线,往航头方向,2
1802,1801,18号线,往航头方向,2
1801,1802,18号线,往康文路,2
1802,1803,18号线,往康文路,3
1803,1804,18号线,往康文路,3
1804,1805,18号线,往康文路,2
1805,1806,18号线,往康文路,2
1806,1807,18号线,往康文路,3
1807,1808,18号线,往康文路,4
1808,1809,18号线,往康文路,2
1809,1810,18号线,往康文路,3
1810,1811,18号线,往康文路,2
1811,1812,18号线,往康文路,2
1812,1813,18号线,往康文路,3
1813,1814,18号线,往康文路,2
1814,1815,18号线,往康文路,1
1815,1816,18号线,往康文路,3
1816,1817,18号线,往康文路,2
1817,1818,18号线,往康文路,2
1818,1819,18号线,往康文路,2
1819,1820,18号线,往康文路,2
1820,1821,18号线,往康文路,2
1821,1822,18号线,往康文路,2
1822,1823,18号线,往康文路,2
1823,1824,18号线,往康文路,2
1824,1825,18号线,往康文路,3
1825,1826,18号线,往康文路,2
1826,1827,18号线,往康文路,2
1827,1828,18号线,往康文路,2
1828,1829,18号线,往康文路,5
1829,1830,18号线,往康文路,2
1830,1831,18号线,往康文路,3
4101,4102,浦江线,往汇臻路,3
4102,4103,浦江线,往汇臻路,2
4103,4104,浦江线,往汇臻路,2
4104,4105,浦江线,往汇臻路,2
4105,4106,浦江线,往汇臻路,3
4106,4105,浦江线,往沈杜公路,2
4105,4104,浦江线,往沈杜公路,2
4104,4103,浦江线,往沈杜公路,2
4103,4102,浦江线,往沈杜公路,2
4102,4101,浦江线,往沈杜公路,3
5101,5102,市域机场线,往浦东1号2号航站楼,5
5102,5103,市域机场线,往浦东1号2号航站楼,9
5103,5104,市域机场线,往浦东1号2号航站楼,4
5104,5105,市域机场线,往浦东1号2号航站楼,8
5105,5106,市域机场线,往浦东1号2号航站楼,6
5106,5107,市域机场线,往浦东1号2号航站楼,7
5107,5106,市域机场线,往虹桥2号航站楼站,9
5106,5105,市域机场线,往虹桥2号航站楼站,5
5105,5104,市域机场线,往虹桥2号航站楼站,8
5104,5103,市域机场线,往虹桥2号航站楼站,4
5103,5102,市域机场线,往虹桥2号航站楼站,9
5102,5101,市域机场线,往虹桥2号航站楼站,5
0104,0105,1号线,,3
0117,0116,1号线,,2
0221,0220,2号线,,4
0222,0223,2号线,,3
0224,0223,2号线,,4
0401,0402,4号线,,3
0402,0401,4号线,,3
0508,0507,5号线,,12
0511,0512,5号线,,3
0512,0511,5号线,,3
0705,0706,7号线,,3
0909,0910,9号线,,4
0927,0926,9号线,,2
1003,1004,10号线,,3
1004,1003,10号线,,3
1008,1007,10号线,,2
1032,1031,10号线,,3
1103,1104,11号线,,3
1107,1108,11号线,,3
1108,1107,11号线,,3
1111,1110,11号线,,3
1113,1114,11号线,,3
1138,1137,11号线,,3
1216,1217,12号线,,3
1311,1310,13号线,,2
1608,1607,16号线,,5
1610,1609,16号线,,5
1813,1812,18号线,,3
1827,1826,18号线,,2
0101,0501,换乘,,5
0501,0101,换乘,,5
0105,0301,换乘,,5
0105,1512,换乘,,5
0301,0105,换乘,,5
0301,1512,换乘,,5
1512,0105,换乘,,5
1512,0301,换乘,,5
0106,1208,换乘,,5
1208,0106,换乘,,5
0107,0401,换乘,,5
0401,0107,换乘,,5
0108,0917,换乘,,5
0108,1126,换乘,,5
0917,0108,换乘,,5
0917,1126,换乘,,5
1126,0108,换乘,,5
1126,0917,换乘,,5
0110,0720,换乘,,5
0720,0110,换乘,,5
0111,1015,换乘,,5
0111,1214,换乘,,5
1015,0111,换乘,,5
1015,1214,换乘,,5
1214,0111,换乘,,5
1214,1015,换乘,,5
0112,1415,换乘,,5
1415,0112,换乘,,5
0113,0213,换乘,,5
0113,0816,换乘,,5
0213,0113,换乘,,5
0213,0816,换乘,,5
0816,0113,换乘,,5
0816,0213,换乘,,5
0115,1216,换乘,,5
0115,1312,换乘,,5
1216,0115,换乘,,5
1216,1312,换乘,,5
1312,0115,换乘,,5
1312,1216,换乘,,5
0116,0313,换乘,,5
0116,0410,换乘,,5
0313,0116,换乘,,5
0313,0410,换乘,,5
0410,0116,换乘,,5
0410,0313,换乘,,5
0124,1830,换乘,,5
1830,0124,换乘,,5
0202,1702,换乘,,5
1702,0202,换乘,,5
0203,1004,换乘,,5
0203,1701,换乘,,5
1004,0203,换乘,,5
1004,1701,换乘,,5
1701,0203,换乘,,5
1701,1004,换乘,,5
0204,1005,换乘,,5
0204,5101,换乘,,5
1005,0204,换乘,,5
1005,5101,换乘,,5
5101,0204,换乘,,5
5101,1005,换乘,,5
0208,1518,换乘,,5
1518,0208,换乘,,5
0209,0308,换乘,,5
0209,0405,换乘,,5
0308,0209,换乘,,5
0308,0405,换乘,,5
0405,0209,换乘,,5
0405,0308,换乘,,5
0210,1124,换乘,,5
1124,0210,换乘,,5
0211,0719,换乘,,5
0211,1414,换乘,,5
0719,0211,换乘,,5
0719,1414,换乘,,5
1414,0211,换乘,,5
1414,0719,换乘,,5
0212,1215,换乘,,5
0212,1314,换乘,,5
1215,0212,换乘,,5
1215,1314,换乘,,5
1314,0212,换乘,,5
1314,1215,换乘,,5
0214,1019,换乘,,5
1019,0214,换乘,,5
0215,1418,换乘,,5
1418,0215,换乘,,5
0216,1419,换乘,,5
1419,0216,换乘,,5
0217,0417,换乘,,5
0217,0612,换乘,,5
0217,0925,换乘,,5
0417,0217,换乘,,5
0417,0612,换乘,,5
0417,0925,换乘,,5
0612,0217,换乘,,5
0612,0417,换乘,,5
0612,0925,换乘,,5
0925,0217,换乘,,5
0925,0417,换乘,,5
0925,0612,换乘,,5
0220,0732,换乘,,5
0220,1601,换乘,,5
0220,1812,换乘,,5
0732,0220,换乘,,5
0732,1601,换乘,,5
0732,1812,换乘,,5
1601,0220,换乘,,5
1601,0732,换乘,,5
1601,1812,换乘,,5
1812,0220,换乘,,5
1812,0732,换乘,,5
1812,1601,换乘,,5
0231,5107,换乘,,5
5107,0231,换乘,,5
0303,1209,换乘,,5
1209,0303,换乘,,5
0305,0402,换乘,,5
0305,0916,换乘,,5
0402,0305,换乘,,5
0402,0916,换乘,,5
0916,0305,换乘,,5
0916,0402,换乘,,5
0306,0403,换乘,,5
0306,1012,换乘,,5
0403,0306,换乘,,5
0403,1012,换乘,,5
1012,0306,换乘,,5
1012,0403,换乘,,5
0307,0404,换乘,,5
0404,0307,换乘,,5
0309,0406,换乘,,5
0309,1307,换乘,,5
0406,0309,换乘,,5
0406,1307,换乘,,5
1307,0309,换乘,,5
1307,0406,换乘,,5
0310,0407,换乘,,5
0310,1122,换乘,,5
0310,1411,换乘,,5
0407,0310,换乘,,5
0407,1122,换乘,,5
0407,1411,换乘,,5
1122,0310,换乘,,5
1122,0407,换乘,,5
1122,1411,换乘,,5
1411,0310,换乘,,5
1411,0407,换乘,,5
1411,1122,换乘,,5
0311,0408,换乘,,5
0311,0716,换乘,,5
0408,0311,换乘,,5
0408,0716,换乘,,5
0716,0311,换乘,,5
0716,0408,换乘,,5
0312,0409,换乘,,5
0409,0312,换乘,,5
0314,0411,换乘,,5
0411,0314,换乘,,5
0316,0820,换乘,,5
0820,0316,换乘,,5
0321,1826,换乘,,5
1826,0321,换乘,,5
0412,1022,换乘,,5
1022,0412,换乘,,5
0414,1221,换乘,,5
1221,0414,换乘,,5
0416,1420,换乘,,5
1420,0416,换乘,,5
0419,0610,换乘,,5
0610,0419,换乘,,5
0422,0812,换乘,,5
0812,0422,换乘,,5
0424,1212,换乘,,5
1212,0424,换乘,,5
0425,0722,换乘,,5
0722,0425,换乘,,5
0601,0807,换乘,,5
0601,1131,换乘,,5
0807,0601,换乘,,5
0807,1131,换乘,,5
1131,0601,换乘,,5
1131,0807,换乘,,5
0606,1322,换乘,,5
1322,0606,换乘,,5
0607,0728,换乘,,5
0728,0607,换乘,,5
0614,1815,换乘,,5
1815,0614,换乘,,5
0617,1424,换乘,,5
1424,0617,换乘,,5
0621,1228,换乘,,5
1228,0621,换乘,,5
0628,1036,换乘,,5
1036,0628,换乘,,5
0705,1530,换乘,,5
1530,0705,换乘,,5
0717,1310,换乘,,5
1310,0717,换乘,,5
0721,0918,换乘,,5
0918,0721,换乘,,5
0723,1211,换乘,,5
1211,0723,换乘,,5
0725,1320,换乘,,5
1320,0725,换乘,,5
0726,0810,换乘,,5
0810,0726,换乘,,5
0801,4101,换乘,,5
4101,0801,换乘,,5
0809,1321,换乘,,5
1321,0809,换乘,,5
0813,0922,换乘,,5
0922,0813,换乘,,5
0814,1017,换乘,,5
1017,0814,换乘,,5
0815,1416,换乘,,5
1416,0815,换乘,,5
0817,1217,换乘,,5
1217,0817,换乘,,5
0822,1024,换乘,,5
1024,0822,换乘,,5
0824,1820,换乘,,5
1820,0824,换乘,,5
0910,5102,换乘,,5
5102,0910,换乘,,5
0915,1514,换乘,,5
1514,0915,换乘,,5
0919,1213,换乘,,5
1213,0919,换乘,,5
0921,1317,换乘,,5
1317,0921,换乘,,5
0926,1814,换乘,,5
1814,0926,换乘,,5
0928,1425,换乘,,5
1425,0928,换乘,,5
0932,1232,换乘,,5
1232,0932,换乘,,5
1013,1125,换乘,,5
1125,1013,换乘,,5
1016,1316,换乘,,5
1316,1016,换乘,,5
1018,1417,换乘,,5
1417,1018,换乘,,5
1020,1218,换乘,,5
1218,1020,换乘,,5
1026,1822,换乘,,5
1822,1026,换乘,,5
1119,1523,换乘,,5
1523,1119,换乘,,5
1120,1409,换乘,,5
1409,1120,换乘,,5
1123,1308,换乘,,5
1308,1123,换乘,,5
1128,1210,换乘,,5
1210,1128,换乘,,5
1136,1808,换乘,,5
1808,1136,换乘,,5
1137,1603,换乘,,5
1603,1137,换乘,,5
1207,1513,换乘,,5
1513,1207,换乘,,5
1222,1819,换乘,,5
1819,1222,换乘,,5
1306,1520,换乘,,5
1520,1306,换乘,,5
1309,1412,换乘,,5
1412,1309,换乘,,5
1327,1809,换乘,,5
1809,1327,换乘,,5
1328,1602,换乘,,5
1602,1328,换乘,,5
1408,1522,换乘,,5
1522,1408,换乘,,5
1422,1816,换乘,,5
1816,1422,换乘,,5
1508,5103,换乘,,5
5103,1508,换乘,,5
